voterid,password,name,fathername,address,sex,age
2447,LHnEV90vWTZ,Jillane,Swanbourne,Apt 546,Female,57
4588,oiGChb,Noellyn,Linfoot,5th Floor,Female,71
5585,CiJq5kbjSs51,Margie,Kitt,Apt 1293,Female,67
6721,zWfQ0Uz,Ginni,Gerson,PO Box 44920,Female,83
5060,RpJiPwzu2fH,Boyd,Benge,Suite 30,Male,58
5472,GKlLDT,Rolph,Keneforde,Room 286,Male,64
4231,Lr2GqjwHcVFK,Shirleen,Braemer,Room 1294,Female,62
4366,HRpBudr3S3Rk,Lesley,Manske,12th Floor,Female,26
2675,8oo8Fa1,Norman,Inglesfield,PO Box 6950,Male,76
8781,DeAzYqC,Camille,Goves,3rd Floor,Female,31
3174,K7vbDG7UL,Lucille,Bohea,Room 1034,Female,24
1016,hHu1BkSt,Dar,Woolhouse,8th Floor,Male,40
4998,k76bOy,Othello,Holston,Apt 54,Male,43
4629,0nUBAEfzHa2y,Briant,Tchir,PO Box 32043,Male,55
5232,JgKkWIyNQx,Annamarie,Weatherhill,Room 333,Female,35
8129,0Sc4KyYpsoCc,Bernhard,Casone,12th Floor,Male,85
6077,pyUXMeKxEU,Willdon,Vasentsov,PO Box 68679,Male,76
8351,FgwudPTyt,Wake,Jacobovitch,PO Box 67775,Male,49
9197,rAgXIDGRA4v8,Natassia,Qualtro,Suite 63,Female,55
1350,W4liq0ah,Amble,Kubicki,Room 1593,Male,78
3469,iXtatdpGe,Rahel,Bifield,8th Floor,Female,36
6623,1lRDUL24,Mabel,Lipgens,2nd Floor,Female,89
7575,ggwCACq3B4,Kirk,Girodon,Room 1809,Male,39
9961,VjXMMPedB,Giorgia,Bennedick,Room 462,Female,87
5982,tqrroxePH257,Jessica,Jilkes,PO Box 64555,Female,30
2008,D455VH,Theressa,Martyns,Apt 1472,Female,25
5636,RPiElK,Vilhelmina,Iacovielli,Apt 1605,Female,57
3817,I29wAs6,Taylor,Bursnell,PO Box 8122,Male,39
8088,NlMXl1,Bertie,Aslet,5th Floor,Male,81
6031,q0AQh3ys,Winslow,McMearty,Room 1890,Male,57
8911,1dhstA,Cara,Adrien,Room 254,Female,71
5227,iSuelMB69z,Tony,Jewson,PO Box 59852,Male,59
1055,dKtcCZ,Ulric,Danielovitch,17th Floor,Male,71
9942,bvXz6JFgRdy3,Jojo,Milbourn,PO Box 78178,Female,42
4884,aTiMIlf,Carolyn,Rayson,Apt 632,Female,67
6875,XdQymMGmmTX,Nealon,Ghirigori,Room 96,Male,65
1946,lgUhAeqS8,Dorothee,Dormand,Apt 1323,Female,88
2496,uwTI18M,Morie,Duignan,Room 1627,Male,88
7829,DOXCWK6ayBHJ,Corliss,Alten,PO Box 27145,Female,76
7629,A1ZTHW6P,Rem,Luigi,Suite 16,Male,26
2555,2aRAAk,Averell,Lauks,Room 201,Male,85
4038,urqg2nlN,Egon,Iannuzzelli,Apt 848,Male,69
7826,kmW39H0,Tabbatha,Pumfrey,PO Box 47034,Female,67
5697,fRKRUX2Tw,Kissee,Meriott,Apt 1501,Female,38
4824,lfYK9Z5P2ER,Cassie,Gravie,Suite 48,Male,33
6222,tbyzG449iYHw,Briney,Devine,Apt 380,Female,82
7343,7YNNvBfx,Keenan,Bernardino,PO Box 57176,Male,63
1057,on7vPUzAp31,Ruthy,Kayes,PO Box 63438,Female,44
7643,DHKaP3foPvv,Fred,Neames,Apt 792,Male,46
5428,MCLDR1YQV,Emmet,Sapauton,PO Box 96225,Male,77
